"","Bin outside the cubicle","Hand dryer","Paper towel","Soap dispenser","Tap"
"Bin outside the cubicle",0.166666666666667,0,0.0833333333333333,0.166666666666667,0.583333333333333
"Hand dryer",0,0,0,0,0
"Paper towel",0.641025641025641,0,0.333333333333333,0,0.0256410256410256
"Soap dispenser",0,0,0,0.0380952380952381,0.961904761904762
"Tap",0.0222929936305732,0.0191082802547771,0.0859872611464968,0.181528662420382,0.691082802547771
