"Toilet_type","Hand","n","proportion"
"Men","Left",43,0.530864197530864
"Men","Right",38,0.469135802469136
"Women","Left",73,0.414772727272727
"Women","Right",103,0.585227272727273
